{
  "coef": 1.3928818779561147,
  "intercept": 0.021331427995030246
}